{"TrainCount": 1, "MeanTrainLoss": 0.3218347132205963, "FinalMeanRMSE": -1}
{"TrainCount": 1, "MeanTrainLoss": 0.31884270906448364, "FinalMeanRMSE": -1}
{"TrainCount": 1, "MeanTrainLoss": 0.31541869044303894, "FinalMeanRMSE": -1}
{"TrainCount": 1, "MeanTrainLoss": 0.3105161488056183, "FinalMeanRMSE": -1}
{"TrainCount": 1, "MeanTrainLoss": 0.302710622549057, "FinalMeanRMSE": -1}
{"TrainCount": 1, "MeanTrainLoss": 0.29035258293151855, "FinalMeanRMSE": -1}
{"TrainCount": 1, "MeanTrainLoss": 0.2715701162815094, "FinalMeanRMSE": -1}
{"TrainCount": 1, "MeanTrainLoss": 0.24450941383838654, "FinalMeanRMSE": -1}
{"TrainCount": 1, "MeanTrainLoss": 0.20794861018657684, "FinalMeanRMSE": -1}
{"TrainCount": 1, "MeanTrainLoss": 0.16249489784240723, "FinalMeanRMSE": -1}
{"TrainCount": 1, "MeanTrainLoss": 0.11220050603151321, "FinalMeanRMSE": -1}
{"TrainCount": 1, "MeanTrainLoss": 0.06530368328094482, "FinalMeanRMSE": -1}
{"TrainCount": 1, "MeanTrainLoss": 0.03156323358416557, "FinalMeanRMSE": -1}
{"TrainCount": 1, "MeanTrainLoss": 0.015296995639801025, "FinalMeanRMSE": -1}
{"TrainCount": 1, "MeanTrainLoss": 0.010880460031330585, "FinalMeanRMSE": 0.08423599600791931}
{"TrainCount": 2, "MeanTrainLoss": 0.38786718249320984, "FinalMeanRMSE": -1}
{"TrainCount": 2, "MeanTrainLoss": 0.36712607741355896, "FinalMeanRMSE": -1}
{"TrainCount": 2, "MeanTrainLoss": 0.35222184658050537, "FinalMeanRMSE": -1}
{"TrainCount": 2, "MeanTrainLoss": 0.34020674228668213, "FinalMeanRMSE": -1}
{"TrainCount": 2, "MeanTrainLoss": 0.3300713300704956, "FinalMeanRMSE": -1}
{"TrainCount": 2, "MeanTrainLoss": 0.3212408721446991, "FinalMeanRMSE": -1}
{"TrainCount": 2, "MeanTrainLoss": 0.3133619725704193, "FinalMeanRMSE": -1}
{"TrainCount": 2, "MeanTrainLoss": 0.3061964213848114, "FinalMeanRMSE": -1}
{"TrainCount": 2, "MeanTrainLoss": 0.29957476258277893, "FinalMeanRMSE": -1}
{"TrainCount": 2, "MeanTrainLoss": 0.2933698892593384, "FinalMeanRMSE": -1}
{"TrainCount": 2, "MeanTrainLoss": 0.2874823808670044, "FinalMeanRMSE": -1}
{"TrainCount": 2, "MeanTrainLoss": 0.281831294298172, "FinalMeanRMSE": -1}
{"TrainCount": 2, "MeanTrainLoss": 0.2763480544090271, "FinalMeanRMSE": -1}
{"TrainCount": 2, "MeanTrainLoss": 0.2709725499153137, "FinalMeanRMSE": -1}
{"TrainCount": 2, "MeanTrainLoss": 0.2656497061252594, "FinalMeanRMSE": 1.3512805700302124}
{"TrainCount": 3, "MeanTrainLoss": 1.816446304321289, "FinalMeanRMSE": -1}
{"TrainCount": 3, "MeanTrainLoss": 1.6389751434326172, "FinalMeanRMSE": -1}
{"TrainCount": 3, "MeanTrainLoss": 1.619253396987915, "FinalMeanRMSE": -1}
{"TrainCount": 3, "MeanTrainLoss": 1.600487232208252, "FinalMeanRMSE": -1}
{"TrainCount": 3, "MeanTrainLoss": 1.5822291374206543, "FinalMeanRMSE": -1}
{"TrainCount": 3, "MeanTrainLoss": 1.5641770362854004, "FinalMeanRMSE": -1}
{"TrainCount": 3, "MeanTrainLoss": 1.5460419654846191, "FinalMeanRMSE": -1}
{"TrainCount": 3, "MeanTrainLoss": 1.5275779962539673, "FinalMeanRMSE": -1}
{"TrainCount": 3, "MeanTrainLoss": 1.5084972381591797, "FinalMeanRMSE": -1}
{"TrainCount": 3, "MeanTrainLoss": 1.488538146018982, "FinalMeanRMSE": -1}
{"TrainCount": 3, "MeanTrainLoss": 1.4673352241516113, "FinalMeanRMSE": -1}
{"TrainCount": 3, "MeanTrainLoss": 1.444622278213501, "FinalMeanRMSE": -1}
{"TrainCount": 3, "MeanTrainLoss": 1.4199641942977905, "FinalMeanRMSE": -1}
{"TrainCount": 3, "MeanTrainLoss": 1.3938316106796265, "FinalMeanRMSE": -1}
{"TrainCount": 3, "MeanTrainLoss": 1.3682208061218262, "FinalMeanRMSE": 2.10550594329834}
{"TrainCount": 4, "MeanTrainLoss": 4.048001766204834, "FinalMeanRMSE": -1}
{"TrainCount": 4, "MeanTrainLoss": 3.7343289852142334, "FinalMeanRMSE": -1}
{"TrainCount": 4, "MeanTrainLoss": 3.6581637859344482, "FinalMeanRMSE": -1}
{"TrainCount": 4, "MeanTrainLoss": 3.5989410877227783, "FinalMeanRMSE": -1}
{"TrainCount": 4, "MeanTrainLoss": 3.534027099609375, "FinalMeanRMSE": -1}
{"TrainCount": 4, "MeanTrainLoss": 3.462089776992798, "FinalMeanRMSE": -1}
{"TrainCount": 4, "MeanTrainLoss": 3.381901741027832, "FinalMeanRMSE": -1}
{"TrainCount": 4, "MeanTrainLoss": 3.292292356491089, "FinalMeanRMSE": -1}
{"TrainCount": 4, "MeanTrainLoss": 3.192125082015991, "FinalMeanRMSE": -1}
{"TrainCount": 4, "MeanTrainLoss": 3.0803568363189697, "FinalMeanRMSE": -1}
{"TrainCount": 4, "MeanTrainLoss": 2.956085443496704, "FinalMeanRMSE": -1}
{"TrainCount": 4, "MeanTrainLoss": 2.8186371326446533, "FinalMeanRMSE": -1}
{"TrainCount": 4, "MeanTrainLoss": 2.6676852703094482, "FinalMeanRMSE": -1}
{"TrainCount": 4, "MeanTrainLoss": 2.5034143924713135, "FinalMeanRMSE": -1}
{"TrainCount": 4, "MeanTrainLoss": 2.3267154693603516, "FinalMeanRMSE": 9.575815200805664}
{"TrainCount": 5, "MeanTrainLoss": 9.916191101074219, "FinalMeanRMSE": -1}
{"TrainCount": 5, "MeanTrainLoss": 8.87423038482666, "FinalMeanRMSE": -1}
{"TrainCount": 5, "MeanTrainLoss": 8.084546089172363, "FinalMeanRMSE": -1}
{"TrainCount": 5, "MeanTrainLoss": 7.343262672424316, "FinalMeanRMSE": -1}
{"TrainCount": 5, "MeanTrainLoss": 6.625062465667725, "FinalMeanRMSE": -1}
{"TrainCount": 5, "MeanTrainLoss": 5.933854579925537, "FinalMeanRMSE": -1}
{"TrainCount": 5, "MeanTrainLoss": 5.2810378074646, "FinalMeanRMSE": -1}
{"TrainCount": 5, "MeanTrainLoss": 4.6806640625, "FinalMeanRMSE": -1}
{"TrainCount": 5, "MeanTrainLoss": 4.146296501159668, "FinalMeanRMSE": -1}
{"TrainCount": 5, "MeanTrainLoss": 3.688364028930664, "FinalMeanRMSE": -1}
{"TrainCount": 5, "MeanTrainLoss": 3.312122344970703, "FinalMeanRMSE": -1}
{"TrainCount": 5, "MeanTrainLoss": 3.016627788543701, "FinalMeanRMSE": -1}
{"TrainCount": 5, "MeanTrainLoss": 2.7949838638305664, "FinalMeanRMSE": -1}
{"TrainCount": 5, "MeanTrainLoss": 2.635775089263916, "FinalMeanRMSE": -1}
{"TrainCount": 5, "MeanTrainLoss": 2.525273323059082, "FinalMeanRMSE": 9.816571235656738}
{"TrainCount": 6, "MeanTrainLoss": 4.801573276519775, "FinalMeanRMSE": -1}
{"TrainCount": 6, "MeanTrainLoss": 3.7638840675354004, "FinalMeanRMSE": -1}
{"TrainCount": 6, "MeanTrainLoss": 3.114682912826538, "FinalMeanRMSE": -1}
{"TrainCount": 6, "MeanTrainLoss": 2.681840181350708, "FinalMeanRMSE": -1}
{"TrainCount": 6, "MeanTrainLoss": 2.3753421306610107, "FinalMeanRMSE": -1}
{"TrainCount": 6, "MeanTrainLoss": 2.1445393562316895, "FinalMeanRMSE": -1}
{"TrainCount": 6, "MeanTrainLoss": 1.9605605602264404, "FinalMeanRMSE": -1}
{"TrainCount": 6, "MeanTrainLoss": 1.8071651458740234, "FinalMeanRMSE": -1}
{"TrainCount": 6, "MeanTrainLoss": 1.6752314567565918, "FinalMeanRMSE": -1}
{"TrainCount": 6, "MeanTrainLoss": 1.55948805809021, "FinalMeanRMSE": -1}
{"TrainCount": 6, "MeanTrainLoss": 1.4567021131515503, "FinalMeanRMSE": -1}
{"TrainCount": 6, "MeanTrainLoss": 1.3647217750549316, "FinalMeanRMSE": -1}
{"TrainCount": 6, "MeanTrainLoss": 1.2819863557815552, "FinalMeanRMSE": -1}
{"TrainCount": 6, "MeanTrainLoss": 1.2072722911834717, "FinalMeanRMSE": -1}
{"TrainCount": 6, "MeanTrainLoss": 1.1395602226257324, "FinalMeanRMSE": 16.145334243774414}
{"TrainCount": 7, "MeanTrainLoss": 11.684686660766602, "FinalMeanRMSE": -1}
{"TrainCount": 7, "MeanTrainLoss": 8.552955627441406, "FinalMeanRMSE": -1}
{"TrainCount": 7, "MeanTrainLoss": 6.993015289306641, "FinalMeanRMSE": -1}
{"TrainCount": 7, "MeanTrainLoss": 6.207749843597412, "FinalMeanRMSE": -1}
{"TrainCount": 7, "MeanTrainLoss": 5.77180290222168, "FinalMeanRMSE": -1}
{"TrainCount": 7, "MeanTrainLoss": 5.480808258056641, "FinalMeanRMSE": -1}
{"TrainCount": 7, "MeanTrainLoss": 5.2458367347717285, "FinalMeanRMSE": -1}
{"TrainCount": 7, "MeanTrainLoss": 5.0308003425598145, "FinalMeanRMSE": -1}
{"TrainCount": 7, "MeanTrainLoss": 4.82183837890625, "FinalMeanRMSE": -1}
{"TrainCount": 7, "MeanTrainLoss": 4.613816738128662, "FinalMeanRMSE": -1}
{"TrainCount": 7, "MeanTrainLoss": 4.404931545257568, "FinalMeanRMSE": -1}
{"TrainCount": 7, "MeanTrainLoss": 4.194667339324951, "FinalMeanRMSE": -1}
{"TrainCount": 7, "MeanTrainLoss": 3.9830753803253174, "FinalMeanRMSE": -1}
{"TrainCount": 7, "MeanTrainLoss": 3.770512819290161, "FinalMeanRMSE": -1}
{"TrainCount": 7,